City_ID,City,Country,Lat,Lng,Max Temp,Humidity,Cloudiness,Wind Speed,Current Description,Rain (inches),Snow (inches)
0,Otane,NZ,-39.88,176.63,55.99,84,100,2.35,overcast clouds,0.0,0
1,Qaanaaq,GL,77.48,-69.36,34.07,84,100,2.82,overcast clouds,0.0,0
2,Lebu,CL,-37.62,-73.65,52.66,86,100,16.49,light rain,0.21,0
3,Victoria,HK,22.29,114.16,93.0,66,26,15.01,scattered clouds,0.0,0
4,Cherskiy,RU,68.75,161.3,83.64,23,3,5.26,clear sky,0.0,0
5,Mataura,NZ,-46.19,168.86,45.57,84,78,1.83,broken clouds,0.0,0
6,Ponta Do Sol,PT,32.67,-17.1,68.0,72,75,6.93,broken clouds,0.0,0
7,Issenye,TZ,-2.0,34.33,65.08,84,71,2.08,light rain,0.29,0
8,Torbay,CA,47.67,-52.73,44.01,100,90,6.93,fog,0.0,0
9,Hilo,US,19.73,-155.09,80.6,61,90,5.82,overcast clouds,0.0,0
10,Wahiawa,US,21.5,-158.02,82.4,57,90,13.87,overcast clouds,0.0,0
11,Atuona,PF,-9.8,-139.03,80.29,74,88,14.61,overcast clouds,0.0,0
12,Beyneu,KZ,45.32,55.2,81.41,29,5,21.5,clear sky,0.0,0
13,Los Llanos De Aridane,ES,28.66,-17.92,71.6,64,20,9.17,few clouds,0.0,0
14,Mandalgovi,MN,45.76,106.27,77.54,36,90,10.49,overcast clouds,0.0,0
15,Mpanda,TZ,-6.37,31.04,65.97,66,90,3.65,overcast clouds,0.0,0
16,Cape Town,ZA,-33.93,18.42,60.01,93,75,4.7,broken clouds,0.0,0
17,Butaritari,KI,3.07,172.79,80.37,83,100,17.63,overcast clouds,0.0,0
18,Bluff,NZ,-46.6,168.33,46.94,73,87,10.13,overcast clouds,0.0,0
19,Port Elizabeth,ZA,-33.92,25.57,59.0,41,21,4.7,few clouds,0.0,0
20,Carnarvon,AU,-24.87,113.63,69.8,56,0,5.82,clear sky,0.0,0
21,Rikitea,PF,-23.12,-134.97,75.29,82,100,19.51,overcast clouds,0.0,0
22,Jamestown,US,42.1,-79.24,64.0,100,1,4.7,mist,0.0,0
23,Tasiilaq,GL,65.61,-37.64,37.2,82,100,3.56,overcast clouds,0.0,0
24,Saskylakh,RU,71.92,114.08,82.44,26,60,8.79,broken clouds,0.0,0
25,Umm Lajj,SA,25.02,37.27,80.62,57,3,4.0,clear sky,0.0,0
26,Tuatapere,NZ,-46.13,167.68,48.58,82,45,3.15,scattered clouds,0.0,0
27,Sao Raimundo Nonato,BR,-9.02,-42.7,72.0,62,0,4.54,clear sky,0.0,0
28,Vaini,TO,-21.2,-175.2,75.2,73,75,8.05,broken clouds,0.0,0
29,Broome,US,42.25,-75.83,66.99,82,1,6.93,clear sky,0.0,0
30,At-Bashi,KG,41.17,75.81,63.21,30,0,7.05,clear sky,0.0,0
31,Sao Sebastiao,BR,-23.76,-45.41,70.07,67,0,4.65,clear sky,0.0,0
32,Yellowknife,CA,62.46,-114.35,79.0,27,20,12.75,few clouds,0.0,0
33,Barrow,US,71.29,-156.79,42.8,70,20,9.17,few clouds,0.0,0
34,Codrington,AU,-38.27,141.97,57.94,66,18,14.05,few clouds,0.0,0
35,Gaogou,CN,34.02,119.19,84.31,37,85,7.31,overcast clouds,0.0,0
36,Podor,MR,16.65,-14.96,82.4,65,0,2.24,clear sky,0.0,0
37,Mana,GF,5.66,-53.78,77.94,88,7,6.98,clear sky,0.0,0
38,Dunda,TZ,-8.12,34.25,56.71,79,31,2.26,scattered clouds,0.0,0
39,Ushuaia,AR,-54.8,-68.3,37.4,86,75,5.82,broken clouds,0.0,0
40,Glace Bay,CA,46.2,-59.96,63.0,93,20,3.98,few clouds,0.0,0
41,Punta Arenas,CL,-53.15,-70.92,33.8,83,54,10.29,broken clouds,0.0,0
42,Avarua,CK,-21.21,-159.78,73.4,60,67,8.05,broken clouds,0.0,0
43,Castro Valley,US,37.69,-122.09,71.01,72,1,14.99,clear sky,0.0,0
44,Hobart,AU,-42.88,147.33,55.4,87,40,5.82,haze,0.0,0
45,Hofn,IS,64.25,-15.21,51.06,83,100,16.4,overcast clouds,0.0,0
46,Andrews,US,32.32,-102.55,77.0,53,1,8.05,clear sky,0.0,0
47,Kapaa,US,22.08,-159.32,80.6,69,40,18.34,scattered clouds,0.0,0
48,Bambous Virieux,MU,-20.34,57.76,70.0,88,75,12.75,shower rain,0.0,0
49,Cap Malheureux,MU,-19.98,57.61,70.0,83,83,8.01,broken clouds,0.0,0
50,Katherine,AU,-14.47,132.27,89.6,31,75,12.75,broken clouds,0.0,0
51,Barbastro,ES,42.04,0.13,60.8,93,0,3.36,clear sky,0.0,0
52,Aklavik,CA,68.22,-135.01,48.2,93,90,6.93,overcast clouds,0.0,0
53,Elektrenai,LT,54.77,24.63,68.0,77,10,4.7,clear sky,0.0,0
54,Ratnagiri,IN,16.98,73.3,84.34,76,99,7.18,light rain,0.12,0
55,Gao,ML,16.64,1.64,89.24,30,52,10.16,broken clouds,0.0,0
56,Ambon,ID,-3.7,128.18,82.0,12,89,18.34,light rain,0.16,0
57,Cururupu,BR,-1.83,-44.87,73.51,97,2,2.64,light rain,0.61,0
58,Kerewan,GM,13.49,-16.09,80.38,81,60,7.74,broken clouds,0.0,0
59,Mbini,GQ,1.57,9.61,76.19,88,97,7.27,overcast clouds,0.0,0
60,Bundaberg,AU,-24.85,152.35,75.0,64,75,12.75,broken clouds,0.0,0
61,Dabou,CI,5.33,-4.38,77.0,94,20,2.24,few clouds,0.0,0
62,Dikson,RU,73.51,80.55,37.26,80,0,5.53,clear sky,0.0,0
63,Saldanha,ZA,-33.01,17.94,55.4,87,94,3.36,overcast clouds,0.0,0
64,Adrar,MR,20.5,-10.07,92.08,19,21,12.15,few clouds,0.0,0
65,Ostersund,SE,63.18,14.64,55.4,87,4,12.75,clear sky,0.0,0
66,Punta De Bombon,PE,-17.17,-71.79,62.62,77,100,5.17,overcast clouds,0.0,0
67,Hope,US,33.67,-93.59,80.01,68,46,5.88,scattered clouds,0.0,0
68,Sivas,TR,39.79,37.0,51.8,93,75,8.05,broken clouds,0.0,0
69,Upernavik,GL,72.79,-56.15,39.63,71,17,5.79,few clouds,0.0,0
70,Key West,US,24.56,-81.78,86.0,83,1,8.05,clear sky,0.0,0
71,Linares,CL,-35.85,-71.6,50.94,92,100,3.42,overcast clouds,0.0,0
72,Broken Hill,AU,-31.95,141.43,60.8,38,0,14.99,clear sky,0.0,0
73,Porto Novo,BJ,6.5,2.6,75.92,90,91,6.15,overcast clouds,0.0,0
74,Busselton,AU,-33.65,115.33,60.01,47,0,10.47,clear sky,0.0,0
75,Tiksi,RU,71.69,128.87,68.25,33,0,4.92,clear sky,0.0,0
76,Kaitangata,NZ,-46.28,169.85,46.0,84,69,4.0,broken clouds,0.0,0
77,Robertson,US,36.52,-86.87,72.0,94,75,3.44,broken clouds,0.0,0
78,Arraial Do Cabo,BR,-22.97,-42.03,71.37,80,0,8.57,clear sky,0.0,0
79,Mehamn,NO,71.04,27.85,43.92,80,94,15.9,overcast clouds,0.0,0
80,Teguise,ES,29.06,-13.56,69.8,73,40,13.87,scattered clouds,0.0,0
81,Xichang,CN,27.9,102.26,75.74,69,99,1.1,overcast clouds,0.0,0
82,Polson,US,47.69,-114.16,60.01,77,21,4.16,light rain,0.51,0
83,Bredasdorp,ZA,-34.53,20.04,57.2,87,29,5.08,scattered clouds,0.0,0
84,Ust-Omchug,RU,61.15,149.63,67.66,43,88,9.42,light rain,0.46,0
85,Beboto,TD,8.27,16.94,71.8,91,100,5.19,overcast clouds,0.0,0
86,Hermanus,ZA,-34.42,19.23,59.0,95,42,1.01,scattered clouds,0.0,0
87,New Norfolk,AU,-42.78,147.06,55.0,83,92,1.86,light rain,0.17,0
88,Bobo Dioulasso,BF,11.18,-4.3,71.6,100,78,2.24,broken clouds,0.0,0
89,San Juan,AR,-31.54,-68.54,52.25,45,0,4.0,clear sky,0.0,0
90,Castro,BR,-24.79,-50.01,57.2,94,11,5.17,few clouds,0.0,0
91,Najran,SA,17.49,44.13,80.6,26,95,2.24,overcast clouds,0.0,0
92,Albany,US,42.6,-73.97,75.0,89,70,2.44,broken clouds,0.0,0
93,Hashtgerd,IR,35.96,50.69,69.8,49,40,11.41,scattered clouds,0.0,0
94,Tautira,PF,-17.73,-149.15,82.4,74,40,5.82,shower rain,0.0,0
95,North Bend,US,43.41,-124.22,64.0,93,40,6.93,scattered clouds,0.0,0
96,Bolshaya Rechka,RU,51.95,104.74,68.0,60,40,11.18,scattered clouds,0.0,0
97,Lompoc,US,34.64,-120.46,60.8,82,28,9.17,scattered clouds,0.0,0
98,Narsaq,GL,60.92,-46.05,41.0,80,93,2.24,overcast clouds,0.0,0
99,Grindavik,IS,63.84,-22.43,48.2,100,90,2.24,light rain,0.0,0
100,Thompson,CA,55.74,-97.86,46.4,93,90,10.29,light intensity drizzle,0.0,0
101,Yumen,CN,40.28,97.2,87.04,13,100,6.02,overcast clouds,0.0,0
102,Nikolskoye,RU,59.7,30.79,60.8,77,40,11.18,scattered clouds,0.0,0
103,Walvis Bay,NA,-22.96,14.51,68.0,24,0,17.22,clear sky,0.0,0
104,Ilulissat,GL,69.22,-51.1,39.2,80,0,4.7,clear sky,0.0,0
105,Yerbogachen,RU,61.28,108.01,74.1,40,9,3.83,clear sky,0.0,0
106,Serenje,ZM,-13.23,30.24,47.21,96,100,6.6,overcast clouds,0.0,0
107,Soyo,AO,-6.13,12.37,72.48,90,51,6.02,broken clouds,0.0,0
108,Vestmanna,FO,62.16,-7.17,50.0,100,99,18.34,overcast clouds,0.0,0
109,Atar,MR,20.52,-13.05,91.94,22,43,11.99,scattered clouds,0.0,0
110,Stephenville Crossing,CA,48.5,-58.43,57.0,76,20,17.22,few clouds,0.0,0
111,Flinders,AU,-34.58,150.86,66.0,68,14,8.99,few clouds,0.0,0
112,Bastrop,US,32.76,-91.87,77.0,94,1,4.09,clear sky,0.0,0
113,Longyearbyen,SJ,78.22,15.64,42.8,73,20,16.11,few clouds,0.0,0
114,Atocha,BO,-20.93,-66.23,39.2,55,0,3.8,clear sky,0.0,0
115,Port Alfred,ZA,-33.59,26.89,68.0,35,19,14.0,few clouds,0.0,0
116,Espanola,US,35.99,-106.08,71.6,13,1,10.29,clear sky,0.0,0
117,Varniai,LT,55.74,22.36,68.0,82,23,4.85,few clouds,0.0,0
118,Berlevag,NO,70.86,29.09,43.88,81,100,15.52,overcast clouds,0.0,0
119,Puerto Ayora,EC,-0.74,-90.35,70.0,93,74,7.52,broken clouds,0.0,0
120,Asau,RO,46.43,26.4,64.4,100,91,5.21,overcast clouds,0.0,0
121,Cayenne,GF,4.93,-52.33,77.0,100,75,7.14,broken clouds,0.0,0
122,Kilindoni,TZ,-7.91,39.67,77.54,79,24,22.7,few clouds,0.0,0
123,Moose Factory,CA,51.26,-80.61,59.0,100,1,3.36,clear sky,0.0,0
124,Borogontsy,RU,62.67,131.17,80.8,37,45,3.53,scattered clouds,0.0,0
125,Nome,US,64.5,-165.41,72.0,59,40,10.29,scattered clouds,0.0,0
126,Inirida,CO,3.87,-67.92,73.78,95,58,2.28,moderate rain,1.1,0
127,Georgetown,MY,5.41,100.34,84.2,79,20,5.82,few clouds,0.0,0
128,Kavieng,PG,-2.57,150.8,85.68,68,26,7.34,scattered clouds,0.0,0
129,Caravelas,BR,-17.71,-39.25,71.62,88,9,5.73,clear sky,0.0,0
130,Port Blair,IN,11.67,92.75,85.66,77,100,13.4,overcast clouds,0.0,0
131,Ixtapa,MX,20.7,-105.2,80.01,86,17,1.59,few clouds,0.0,0
132,Saint-Philippe,RE,-21.36,55.77,69.8,64,66,10.29,broken clouds,0.0,0
133,Aketi,CD,2.74,23.78,69.69,83,98,1.57,overcast clouds,0.0,0
134,Quatre Cocos,MU,-20.21,57.76,70.0,88,75,12.75,shower rain,0.0,0
135,Maxixe,MZ,-23.86,35.35,62.76,88,10,6.17,clear sky,0.0,0
136,Ahipara,NZ,-35.17,173.17,56.98,85,98,11.83,light rain,0.39,0
137,Ribeira Grande,PT,38.52,-28.7,64.85,87,58,17.9,broken clouds,0.0,0
138,Chapais,CA,49.78,-74.85,69.8,73,90,8.05,overcast clouds,0.0,0
139,Faya,SA,18.39,42.45,69.8,42,89,5.44,overcast clouds,0.0,0
140,Saint George,US,37.1,-113.58,82.4,8,1,5.82,clear sky,0.0,0
141,Leczna,PL,51.3,22.88,62.6,100,90,4.7,fog,0.0,0
142,Mahanoro,MG,-19.9,48.8,69.03,86,100,7.92,light rain,0.24,0
143,Geraldton,AU,-28.77,114.6,66.2,42,0,18.34,clear sky,0.0,0
144,Kautokeino,NO,69.01,23.04,49.91,58,0,10.85,clear sky,0.0,0
145,Kloulklubed,PW,7.04,134.26,86.0,74,75,9.17,broken clouds,0.0,0
146,Whyalla,AU,-33.03,137.58,62.6,45,37,16.11,scattered clouds,0.0,0
147,Lincoln,US,40.8,-96.67,70.0,64,90,5.82,overcast clouds,0.0,0
148,Russell,US,32.35,-85.2,80.6,88,1,3.29,clear sky,0.0,0
149,Sawtell,AU,-30.38,153.1,68.0,56,90,9.17,overcast clouds,0.0,0
150,Dharchula,IN,29.85,80.53,79.48,53,1,4.94,clear sky,0.0,0
151,Dvinskoy,RU,62.15,45.12,45.68,60,77,9.13,broken clouds,0.0,0
152,Bridgwater,GB,51.13,-3.0,57.99,95,71,1.99,broken clouds,0.0,0
153,Kudahuvadhoo,MV,2.67,72.89,83.8,76,45,9.84,scattered clouds,0.0,0
154,El Alto,PE,-4.27,-81.21,64.81,86,0,17.58,clear sky,0.0,0
155,Garowe,SO,8.41,48.48,79.09,56,51,28.25,broken clouds,0.0,0
156,Lugoba,TZ,-6.45,38.33,65.44,93,26,3.6,scattered clouds,0.0,0
157,Tammisaari,FI,59.97,23.43,66.0,76,6,1.01,clear sky,0.0,0
158,East London,ZA,-33.02,27.91,66.97,31,1,10.89,clear sky,0.0,0
159,Half Moon Bay,US,37.46,-122.43,66.2,93,90,6.93,overcast clouds,0.0,0
160,Maraa,BR,-1.83,-65.37,72.86,98,91,2.21,light rain,0.43,0
161,Sterling,US,39.01,-77.43,68.0,88,75,3.36,broken clouds,0.0,0
162,Pevek,RU,69.7,170.31,45.27,65,21,10.6,few clouds,0.0,0
163,Bethel,US,41.37,-73.41,68.0,82,1,3.85,clear sky,0.0,0
164,Khunzakh,RU,42.54,46.7,61.88,55,5,1.39,clear sky,0.0,0
165,Katsuura,JP,35.13,140.3,82.99,61,75,14.99,broken clouds,0.0,0
166,Tuktoyaktuk,CA,69.45,-133.04,42.8,87,90,10.29,light rain,0.0,0
167,Iqaluit,CA,63.75,-68.51,37.4,86,75,8.05,broken clouds,0.0,0
168,Halifax,CA,44.65,-63.57,70.0,54,0,9.86,clear sky,0.0,0
169,Felipe Carrillo Puerto,MX,19.58,-88.05,76.32,93,93,2.08,overcast clouds,0.0,0
170,Hobyo,SO,5.35,48.53,79.74,64,71,23.53,broken clouds,0.0,0
171,Aljubarrota,PT,39.57,-8.93,57.99,93,20,3.36,few clouds,0.0,0
172,Srednekolymsk,RU,67.45,153.68,89.17,20,86,12.84,overcast clouds,0.0,0
173,Coquimbo,CL,-29.95,-71.34,53.6,87,0,5.82,clear sky,0.0,0
174,San Cristobal,VE,7.77,-72.22,66.22,91,89,3.83,overcast clouds,0.0,0
175,Chadiza,ZM,-14.07,32.44,52.93,96,97,7.78,overcast clouds,0.0,0
176,Bilma,NE,18.69,12.92,84.69,16,54,7.45,broken clouds,0.0,0
177,Bay-Khaak,RU,51.17,94.5,69.42,38,99,4.83,overcast clouds,0.0,0
178,Severo-Yeniseyskiy,RU,60.37,93.04,50.79,94,100,3.11,light rain,0.51,0
179,Westport,US,41.14,-73.36,69.01,91,51,6.55,broken clouds,0.0,0
180,Portree,GB,57.41,-6.19,53.01,93,96,5.99,overcast clouds,0.0,0
181,Komsomolskiy,UZ,40.43,71.72,80.6,24,0,6.93,clear sky,0.0,0
182,Natal,BR,-5.79,-35.21,75.2,94,75,11.41,light rain,0.0,0
183,Pailitas,CO,8.96,-73.63,77.0,86,99,4.07,light rain,0.51,0
184,Touros,BR,-5.2,-35.46,73.4,100,75,6.93,light rain,0.0,0
185,Badou,TG,7.58,0.6,70.29,93,73,1.1,broken clouds,0.0,0
186,Pisco,PE,-13.7,-76.22,62.6,82,0,10.29,mist,0.0,0
187,Ouadda,CF,8.08,22.4,67.57,93,99,3.09,overcast clouds,0.0,0
188,Lethbridge,CA,49.7,-112.82,61.0,77,20,9.17,few clouds,0.0,0
189,Axim,GH,4.87,-2.24,76.51,84,50,5.08,scattered clouds,0.0,0
190,Ostrovnoy,RU,68.05,39.51,43.11,82,100,22.06,overcast clouds,0.0,0
191,Salalah,OM,17.02,54.09,82.4,78,75,3.36,broken clouds,0.0,0
192,Pemangkat,ID,1.17,108.97,86.45,64,49,1.3,scattered clouds,0.0,0
193,Porangatu,BR,-13.44,-49.15,67.62,61,78,2.77,broken clouds,0.0,0
194,Viedma,AR,-40.81,-63.0,50.32,48,10,14.09,clear sky,0.0,0
195,Cockburn Town,TC,21.46,-71.14,82.31,82,0,19.48,clear sky,0.0,0
196,Lagoa,PT,39.05,-27.98,64.56,89,40,23.31,scattered clouds,0.0,0
197,Mahebourg,MU,-20.41,57.7,69.8,88,75,12.75,shower rain,0.0,0
198,Ossora,RU,59.24,163.07,56.95,66,1,6.91,clear sky,0.0,0
199,Esperance,AU,-33.87,121.9,57.2,62,90,8.05,overcast clouds,0.0,0
200,Vanimo,PG,-2.67,141.3,85.17,68,49,4.52,light rain,0.47,0
201,Juba,SS,4.85,31.58,68.7,93,57,2.8,broken clouds,0.0,0
202,Nantucket,US,41.28,-70.1,64.0,93,90,8.05,fog,0.0,0
203,San Pedro,PH,14.35,121.02,90.0,74,75,6.93,broken clouds,0.0,0
204,Cavalcante,BR,-13.8,-47.46,64.0,67,5,3.87,clear sky,0.0,0
205,Dawei,MM,14.08,98.2,87.48,61,96,2.28,overcast clouds,0.0,0
206,Gisborne,NZ,-38.65,178.0,55.99,79,100,1.99,light rain,0.5,0
207,Tuy Hoa,VN,13.08,109.3,90.66,55,97,6.76,overcast clouds,0.0,0
208,Vardo,NO,70.37,31.11,44.38,76,100,14.23,overcast clouds,0.0,0
209,Turukhansk,RU,65.82,87.98,56.77,80,100,17.81,overcast clouds,0.0,0
210,Copiapo,CL,-27.37,-70.33,55.4,82,0,4.7,clear sky,0.0,0
211,Chokurdakh,RU,70.63,147.92,91.81,16,47,9.24,scattered clouds,0.0,0
212,Brae,GB,60.4,-1.35,55.4,93,99,3.36,overcast clouds,0.0,0
213,Luau,AO,-10.71,22.22,50.02,63,0,4.81,clear sky,0.0,0
214,Kaoma,ZM,-14.78,24.8,45.73,92,66,5.23,broken clouds,0.0,0
215,Cidreira,BR,-30.18,-50.21,65.91,94,94,4.65,moderate rain,1.52,0
216,Keti Bandar,PK,24.14,67.45,89.47,71,21,7.11,few clouds,0.0,0
217,Nanning,CN,22.82,108.32,87.8,70,40,8.95,scattered clouds,0.0,0
218,Progreso,MX,21.28,-89.67,82.0,88,75,10.13,broken clouds,0.0,0
219,Luderitz,NA,-26.65,15.16,60.8,38,0,4.7,clear sky,0.0,0
220,Padang,ID,-0.95,100.35,86.27,61,72,5.41,broken clouds,0.0,0
221,Kimberley,ZA,-28.73,24.76,35.6,66,0,7.63,clear sky,0.0,0
222,Vizinga,RU,61.07,50.1,46.33,61,98,10.0,overcast clouds,0.0,0
223,Namtsy,RU,62.72,129.67,80.6,32,25,4.47,scattered clouds,0.0,0
224,Zhanaozen,KZ,43.3,52.8,86.56,16,3,22.35,clear sky,0.0,0
225,Ust-Ishim,RU,57.69,71.17,55.09,45,50,7.05,scattered clouds,0.0,0
226,Nhulunbuy,AU,-12.23,136.77,81.18,67,30,17.65,light rain,0.11,0
227,Lagunas,PE,-5.23,-75.68,74.79,88,0,1.19,clear sky,0.0,0
228,Gwadar,PK,25.12,62.33,86.25,72,21,4.07,few clouds,0.0,0
229,Mar Del Plata,AR,-38.0,-57.56,55.99,66,1,6.93,clear sky,0.0,0
230,Desdunes,HT,19.3,-72.65,80.15,78,0,5.37,clear sky,0.0,0
231,Boyuibe,BO,-20.42,-63.28,63.45,89,0,3.83,clear sky,0.0,0
232,Kiunga,PG,-6.12,141.29,85.51,71,95,3.65,light rain,0.66,0
233,Faanui,PF,-16.48,-151.75,80.38,73,9,2.57,clear sky,0.0,0
234,Khatanga,RU,71.97,102.5,62.69,49,100,9.01,overcast clouds,0.0,0
235,Kahului,US,20.89,-156.47,84.2,51,40,18.34,scattered clouds,0.0,0
236,Biak,ID,-0.91,122.88,82.76,76,94,6.42,light rain,0.63,0
237,Piro,IN,25.33,84.42,91.63,52,67,5.82,broken clouds,0.0,0
238,Severo-Kurilsk,RU,50.68,156.12,42.37,90,100,18.25,overcast clouds,0.0,0
239,Fort Collins,US,40.59,-105.08,57.99,71,1,3.04,clear sky,0.0,0
240,Beringovskiy,RU,63.05,179.32,49.32,50,100,6.67,overcast clouds,0.0,0
241,Juarez,MX,31.73,-106.48,89.6,17,75,16.11,broken clouds,0.0,0
242,Chuy,UY,-33.7,-53.46,54.1,95,94,3.24,overcast clouds,0.0,0
243,Lavrentiya,RU,65.58,-171.0,55.27,41,0,15.3,clear sky,0.0,0
244,Hithadhoo,MV,-0.6,73.08,82.2,79,100,14.94,light rain,0.57,0
245,Bayir,TR,37.27,28.22,64.4,93,0,2.24,clear sky,0.0,0
246,Yar-Sale,RU,66.83,70.83,52.57,50,74,15.97,broken clouds,0.0,0
247,Alofi,NU,-19.06,-169.92,78.8,65,34,10.29,scattered clouds,0.0,0
248,Singaraja,ID,-8.11,115.09,85.35,61,100,2.26,overcast clouds,0.0,0
249,Karasjok,NO,69.47,25.51,48.2,57,0,11.41,clear sky,0.0,0
250,Kruisfontein,ZA,-34.0,24.73,59.2,35,50,12.57,scattered clouds,0.0,0
251,Vao,NC,-22.67,167.48,68.76,80,37,20.51,scattered clouds,0.0,0
252,Camana,PE,-16.62,-72.71,61.66,78,85,7.78,overcast clouds,0.0,0
253,Shahreza,IR,32.03,51.88,81.95,15,0,6.85,clear sky,0.0,0
254,Chumikan,RU,54.72,135.31,44.31,85,99,11.63,overcast clouds,0.0,0
255,Tagusao,PH,9.19,117.81,87.3,62,83,3.74,broken clouds,0.0,0
256,Nichinan,JP,31.6,131.37,73.4,69,75,5.82,broken clouds,0.0,0
257,San Patricio,MX,19.22,-104.7,78.42,70,1,1.19,clear sky,0.0,0
258,Sao Filipe,CV,14.9,-24.5,75.49,81,0,11.79,clear sky,0.0,0
259,Camacupa,AO,-12.02,17.48,44.83,73,0,4.03,clear sky,0.0,0
260,Beipiao,CN,41.79,120.78,93.92,22,0,18.57,clear sky,0.0,0
261,Bestobe,KZ,52.5,73.1,53.83,45,0,9.86,clear sky,0.0,0
262,Buin,CL,-33.73,-70.75,48.2,100,75,2.24,mist,0.0,0
263,Zhigansk,RU,66.77,123.37,77.72,31,25,11.34,scattered clouds,0.0,0
264,Praxedis Guerrero,MX,31.37,-106.02,89.6,17,75,16.11,broken clouds,0.0,0
265,Neiafu,TO,-18.65,-173.98,78.8,65,75,11.41,broken clouds,0.0,0
266,Shelburne,CA,44.08,-80.2,66.0,82,1,2.24,clear sky,0.0,0
267,Beira,MZ,-19.84,34.84,64.4,82,20,11.41,few clouds,0.0,0
268,Namibe,AO,-15.2,12.15,70.0,54,0,5.01,clear sky,0.0,0
269,Guerrero Negro,MX,27.98,-114.06,63.57,82,0,16.69,clear sky,0.0,0
270,Saint-Francois,FR,46.42,3.91,48.99,87,92,3.36,overcast clouds,0.0,0
271,Deputatskiy,RU,69.3,139.9,83.64,22,0,9.71,clear sky,0.0,0
272,Ransang,PH,8.96,117.58,87.87,61,86,4.99,overcast clouds,0.0,0
273,Erenhot,CN,43.65,111.98,95.41,13,33,13.73,scattered clouds,0.0,0
274,Nola,IT,40.92,14.53,64.0,79,67,2.1,broken clouds,0.0,0
275,Bilibino,RU,68.05,166.44,78.1,33,90,5.93,overcast clouds,0.0,0
276,Coahuayana,MX,18.73,-103.68,78.22,77,26,0.45,scattered clouds,0.0,0
277,Sangar,RU,63.92,127.47,77.97,38,43,6.15,scattered clouds,0.0,0
278,Bocas Del Toro,PA,9.33,-82.25,66.99,82,100,3.0,overcast clouds,0.0,0
279,Isangel,VU,-19.55,169.27,78.8,69,40,9.17,scattered clouds,0.0,0
280,Pitimbu,BR,-7.47,-34.81,77.56,80,38,16.64,scattered clouds,0.0,0
281,Shelopugino,RU,51.65,117.56,69.94,37,50,6.73,scattered clouds,0.0,0
282,Tara,RU,56.89,74.37,53.31,49,0,5.66,clear sky,0.0,0
283,Pandan,PH,14.05,124.17,87.03,70,16,6.29,light rain,0.53,0
284,Buchanan,LR,5.88,-10.05,76.12,87,100,2.08,light rain,0.22,0
285,Soloneshnoye,RU,51.65,84.32,48.94,87,100,1.5,light rain,0.66,0
286,Camacha,PT,33.08,-16.33,66.2,82,20,5.82,few clouds,0.0,0
287,Talnakh,RU,69.49,88.4,48.2,87,75,11.18,broken clouds,0.0,0
288,Ihosy,MG,-22.4,46.12,56.84,88,81,6.62,broken clouds,0.0,0
289,Khao Yoi,TH,13.24,99.82,87.8,62,20,4.7,few clouds,0.0,0
290,Kerrville,US,30.05,-99.14,77.0,73,1,9.17,clear sky,0.0,0
291,Kerns,CH,46.9,8.28,53.6,93,90,3.0,overcast clouds,0.0,0
292,Suruc,TR,36.98,38.42,64.4,72,0,7.74,clear sky,0.0,0
293,Mbeya,TZ,-8.9,33.45,52.68,90,46,5.37,scattered clouds,0.0,0
294,Ano Mera,GR,37.45,25.4,75.99,45,20,5.99,few clouds,0.0,0
295,Alekseyevka,RU,50.63,38.69,67.44,84,88,8.81,overcast clouds,0.0,0
296,Pokhara,NP,28.23,83.98,73.51,82,100,1.7,light rain,0.34,0
297,La Ronge,CA,55.1,-105.28,42.8,93,90,4.7,overcast clouds,0.0,0
298,Hovd,MN,48.01,91.64,68.47,29,76,6.02,broken clouds,0.0,0
299,Tynda,RU,55.17,124.72,52.86,88,100,4.85,moderate rain,2.37,0
300,Aswan,EG,24.09,32.91,78.17,27,0,9.01,clear sky,0.0,0
301,Abnub,EG,27.27,31.15,73.4,38,0,12.75,clear sky,0.0,0
302,Krasnyy Yar,RU,46.53,48.35,84.2,32,75,11.18,broken clouds,0.0,0
303,Ishigaki,JP,24.34,124.16,89.6,79,75,20.8,broken clouds,0.0,0
304,Nanortalik,GL,60.14,-45.24,38.43,92,100,14.97,overcast clouds,0.0,0
305,Tumalaytay,PH,12.28,123.23,89.28,59,61,5.28,broken clouds,0.0,0
306,Aksha,RU,50.28,113.29,70.14,50,99,6.93,overcast clouds,0.0,0
307,Provideniya,RU,64.38,-173.3,58.32,43,26,5.37,scattered clouds,0.0,0
308,Sabha,LY,27.04,14.43,80.35,16,0,10.94,clear sky,0.0,0
309,Saint Anthony,US,45.02,-93.22,71.6,56,75,8.05,broken clouds,0.0,0
310,Vinh,VN,18.67,105.67,93.72,52,92,2.95,overcast clouds,0.0,0
311,Ustka,PL,54.58,16.86,62.2,93,78,5.77,moderate rain,1.15,0
312,Puerto Escondido,MX,15.85,-97.07,81.66,78,98,3.74,light rain,0.58,0
313,Nouadhibou,MR,20.93,-17.03,71.6,73,0,18.34,clear sky,0.0,0
314,Kununurra,AU,-15.77,128.73,89.6,25,0,13.87,clear sky,0.0,0
315,Ayan,RU,56.45,138.17,43.68,92,99,8.88,overcast clouds,0.0,0
316,Clyde River,CA,70.47,-68.59,30.2,100,1,13.87,clear sky,0.0,0
317,Tezu,IN,27.92,96.17,85.73,64,83,2.13,broken clouds,0.0,0
318,Maua,BR,-23.67,-46.46,66.99,68,0,2.24,clear sky,0.0,0
319,Ayorou,NE,14.73,0.92,86.07,52,31,10.09,scattered clouds,0.0,0
320,Acapulco,MX,16.86,-99.89,81.5,70,91,2.17,overcast clouds,0.0,0
321,Sarh,TD,9.14,18.39,73.4,83,20,5.53,thunderstorm,0.0,0
322,Tamandare,BR,-8.76,-35.1,76.59,82,40,11.39,scattered clouds,0.0,0
323,Port Lincoln,AU,-34.73,135.87,54.93,63,68,23.91,broken clouds,0.0,0
324,El Vigia,VE,8.62,-71.65,76.15,73,94,5.23,overcast clouds,0.0,0
325,Baghdad,IQ,33.34,44.4,77.0,33,0,4.7,clear sky,0.0,0
326,Maniitsoq,GL,65.42,-52.9,37.11,85,88,11.3,overcast clouds,0.0,0
327,Poyarkovo,RU,49.6,128.68,71.98,59,100,10.54,overcast clouds,0.0,0
328,Champerico,GT,14.3,-91.92,82.54,78,100,4.7,overcast clouds,0.0,0
329,Anadyr,RU,64.75,177.48,77.0,38,20,8.95,few clouds,0.0,0
330,Laguna,US,38.42,-121.42,77.0,49,1,11.41,clear sky,0.0,0
331,Praia Da Vitoria,PT,38.73,-27.07,66.2,82,20,10.8,few clouds,0.0,0
332,Kefamenanu,ID,-9.45,124.48,78.21,76,88,11.14,light rain,0.25,0
333,Kalmunai,LK,7.42,81.82,89.13,53,94,3.4,overcast clouds,0.0,0
334,Peniche,PT,39.36,-9.38,64.0,85,0,4.0,clear sky,0.0,0
335,Sao Joao Da Barra,BR,-21.64,-41.05,71.28,91,42,10.13,scattered clouds,0.0,0
336,Belmonte,BR,-15.86,-38.88,75.2,78,20,8.05,few clouds,0.0,0
337,Yantal,RU,56.85,105.25,80.08,32,99,0.49,overcast clouds,0.0,0
338,Roma,US,43.21,-75.46,69.8,73,40,4.7,scattered clouds,0.0,0
339,Tongchuan,CN,35.08,109.09,80.17,44,57,9.57,broken clouds,0.0,0
340,Apartado,CO,7.88,-76.63,76.15,90,100,4.52,overcast clouds,0.0,0
341,Kavaratti,IN,10.57,72.64,86.0,74,40,5.82,scattered clouds,0.0,0
342,Tepoztlan,MX,18.98,-99.1,69.8,49,75,11.41,broken clouds,0.0,0
343,Nouakchott,MR,18.09,-15.98,74.62,72,26,10.42,scattered clouds,0.0,0
344,Bichena,ET,10.45,38.2,57.85,74,1,1.99,clear sky,0.0,0
345,Kodiak,US,57.79,-152.41,53.6,71,75,11.41,broken clouds,0.0,0
346,Airai,TL,-8.93,125.41,70.59,73,98,5.57,overcast clouds,0.0,0
347,Taseyevo,RU,57.22,94.9,60.57,79,100,5.17,overcast clouds,0.0,0
348,Khani,GE,41.96,42.96,64.4,88,75,4.7,broken clouds,0.0,0
349,Sale,MA,34.04,-6.82,64.0,93,40,5.82,scattered clouds,0.0,0
350,Villa Carlos Paz,AR,-31.42,-64.5,53.01,53,0,8.05,clear sky,0.0,0
351,Kangly,RU,44.25,43.03,69.8,73,95,11.18,light rain,0.28,0
352,Tres Arroyos,AR,-38.37,-60.28,47.1,54,0,9.78,clear sky,0.0,0
353,Leh,IN,34.17,77.58,52.39,41,26,6.53,scattered clouds,0.0,0
354,Gorontalo,ID,0.54,123.06,89.11,57,77,4.07,broken clouds,0.0,0
355,Balakhta,RU,55.38,91.6,55.22,94,98,5.44,light rain,0.34,0
356,Eenhana,NA,-17.47,16.33,50.0,66,82,4.7,broken clouds,0.0,0
357,Mitu,CO,1.2,-70.17,72.07,97,100,0.45,light rain,0.27,0
358,Husavik,IS,66.04,-17.34,46.4,87,90,6.93,overcast clouds,0.0,0
359,Lorengau,PG,-2.02,147.27,83.62,76,94,4.52,moderate rain,3.22,0
360,Wolkersdorf,AT,48.38,16.52,62.01,77,100,8.99,overcast clouds,0.0,0
361,Cameron Park,US,38.67,-120.99,81.0,37,91,3.62,overcast clouds,0.0,0
362,Constitucion,CL,-35.33,-72.42,54.37,92,98,7.63,light rain,0.22,0
363,Melfi,IT,41.0,15.65,64.4,82,40,5.82,scattered clouds,0.0,0
364,Inhambane,MZ,-23.86,35.38,63.68,86,11,6.49,few clouds,0.0,0
365,Huarmey,PE,-10.07,-78.15,62.31,85,54,7.67,broken clouds,0.0,0
366,Cabo San Lucas,MX,22.89,-109.91,84.2,42,5,14.45,clear sky,0.0,0
367,Fukue,JP,32.69,128.84,75.2,73,75,9.17,broken clouds,0.0,0
368,Ancud,CL,-41.87,-73.82,48.0,93,90,11.41,overcast clouds,0.0,0
369,Tarpon Springs,US,28.15,-82.76,82.0,78,1,5.48,clear sky,0.0,0
370,Hasaki,JP,35.73,140.83,82.99,74,75,5.82,broken clouds,0.0,0
371,Turbat,PK,26.0,63.04,86.67,65,18,3.76,few clouds,0.0,0
372,Abu Samrah,SY,35.3,37.18,69.17,67,9,17.69,clear sky,0.0,0
373,Estelle,US,29.85,-90.11,81.0,93,11,4.16,few clouds,0.0,0
374,Ballina,AU,-28.87,153.57,66.2,68,75,6.93,broken clouds,0.0,0
375,Suntar,RU,62.14,117.63,80.37,32,56,4.92,broken clouds,0.0,0
376,Hokitika,NZ,-42.72,170.97,56.8,66,62,2.75,broken clouds,0.0,0
377,Jeremie,HT,18.65,-74.12,80.55,76,3,2.95,clear sky,0.0,0
378,Egvekinot,RU,66.32,-179.17,61.75,34,2,3.91,clear sky,0.0,0
379,Dudinka,RU,69.41,86.18,48.2,87,75,11.18,broken clouds,0.0,0
380,Nabire,ID,-3.37,135.48,86.9,63,65,4.72,light rain,0.19,0
381,Zeya,RU,53.75,127.27,57.38,90,100,4.94,moderate rain,1.36,0
382,Souillac,MU,-20.52,57.52,69.8,88,75,12.75,shower rain,0.0,0
383,Fairlie,GB,55.76,-4.86,54.0,90,91,6.31,overcast clouds,0.0,0
384,Lo Arado,MX,19.62,-104.58,73.35,77,23,0.74,light rain,0.22,0
385,Darhan,MN,49.49,105.92,72.64,45,79,11.61,broken clouds,0.0,0
386,Baruun-Urt,MN,46.68,113.28,76.44,51,97,14.0,overcast clouds,0.0,0
387,Lancaster,US,40.25,-76.25,70.0,83,75,3.36,broken clouds,0.0,0
388,Shimoda,JP,34.67,138.95,77.0,69,75,9.17,broken clouds,0.0,0
389,Lae,PG,-6.72,146.98,85.26,58,8,7.87,clear sky,0.0,0
390,Salvador,SV,13.83,-88.92,77.0,88,86,3.36,overcast clouds,0.0,0
391,Norman Wells,CA,65.28,-126.83,78.8,41,75,6.93,broken clouds,0.0,0
392,Nemuro,JP,43.32,145.57,55.4,93,75,10.29,light intensity shower rain,0.0,0
393,San Jeronimo,PE,-11.95,-75.28,45.25,71,6,1.43,clear sky,0.0,0
394,Urengoy,RU,65.97,78.37,53.47,46,90,9.64,overcast clouds,0.0,0
395,Jalalpur Pirwala,PK,29.51,71.22,99.41,40,0,17.29,clear sky,0.0,0
396,Leningradskiy,RU,69.38,178.42,46.56,58,13,5.95,few clouds,0.0,0
397,Doha,QA,25.29,51.53,91.4,38,7,5.82,clear sky,0.0,0
398,Hermitage,US,41.23,-80.45,64.99,88,40,3.36,fog,0.0,0
399,Negombo,LK,7.21,79.84,86.0,66,20,6.93,few clouds,0.0,0
400,Lublin,PL,51.0,23.0,62.6,100,90,4.7,fog,0.0,0
401,Molodizhne,UA,48.18,32.66,64.4,88,96,6.71,overcast clouds,0.0,0
402,Klaksvik,FO,62.23,-6.59,50.0,100,98,18.34,overcast clouds,0.0,0
403,Rocha,UY,-34.48,-54.33,49.39,93,49,3.15,scattered clouds,0.0,0
404,Sangmelima,CM,2.93,11.98,65.5,99,98,1.95,overcast clouds,0.0,0
405,Verkhnevilyuysk,RU,63.45,120.32,82.33,32,1,4.09,clear sky,0.0,0
406,Altos Del Rosario,CO,8.79,-74.17,76.86,96,100,0.81,light rain,0.3,0
407,Grande Prairie,CA,55.17,-118.8,75.2,47,20,2.24,few clouds,0.0,0
408,Cuamba,MZ,-14.8,36.54,55.22,95,96,6.42,overcast clouds,0.0,0
409,Bonavista,CA,48.65,-53.11,43.88,96,100,9.55,light rain,0.31,0
410,Masuguru,TZ,-11.37,38.42,63.97,84,3,3.33,clear sky,0.0,0
411,Maningrida,AU,-12.07,134.27,86.77,52,9,11.1,clear sky,0.0,0
412,Makakilo City,US,21.35,-158.09,82.4,57,90,13.87,overcast clouds,0.0,0
413,Roald,NO,62.58,6.13,71.6,43,78,13.87,broken clouds,0.0,0
414,Kalianget,ID,-7.05,113.93,84.51,65,77,10.76,broken clouds,0.0,0
415,Pierre,US,44.37,-100.35,66.0,59,40,9.17,scattered clouds,0.0,0
416,Talcahuano,CL,-36.72,-73.12,53.6,100,90,8.05,overcast clouds,0.0,0
417,Bandar-E Anzali,IR,37.47,49.46,80.6,61,20,11.41,few clouds,0.0,0
418,Mukhen,RU,48.1,136.1,68.7,53,60,5.75,broken clouds,0.0,0
419,Tullow,IE,52.8,-6.74,46.0,92,70,3.56,broken clouds,0.0,0
420,Minnedosa,CA,50.25,-99.84,53.6,54,20,8.05,few clouds,0.0,0
421,Gigmoto,PH,13.78,124.39,87.51,65,4,7.47,light rain,0.12,0
422,Zheleznodorozhnyy,RU,55.75,38.0,72.0,93,2,4.47,clear sky,0.0,0
423,Mangan,IN,27.52,88.53,78.1,60,98,2.55,light rain,0.37,0
424,Aljezur,PT,37.32,-8.8,63.0,68,0,10.67,clear sky,0.0,0
425,Kutum,SD,14.2,24.67,72.03,36,6,7.96,clear sky,0.0,0
426,Ryotsu,JP,38.08,138.43,71.6,60,20,11.41,few clouds,0.0,0
427,Pacific Grove,US,36.62,-121.92,60.8,77,75,6.93,broken clouds,0.0,0
428,Praia,CV,14.92,-23.51,75.2,78,20,10.29,few clouds,0.0,0
429,Nelson Bay,AU,-32.72,152.15,68.0,55,6,8.05,clear sky,0.0,0
430,Paita,PE,-5.09,-81.11,64.72,85,1,11.39,clear sky,0.0,0
431,Richmond Hill,CA,43.87,-79.44,72.0,76,71,1.63,broken clouds,0.0,0
432,Bad Neuenahr-Ahrweiler,DE,50.55,7.1,55.0,97,4,2.28,clear sky,0.0,0
433,Tamworth,GB,52.63,-1.7,50.0,100,63,4.7,broken clouds,0.0,0
434,Marsh Harbour,BS,26.54,-77.06,80.13,83,100,6.73,light rain,0.73,0
435,Atherton,GB,53.52,-2.49,50.0,95,3,1.01,clear sky,0.0,0
436,Gold Coast,AU,-28.0,153.43,70.0,64,90,8.05,overcast clouds,0.0,0
437,Platanos,GR,37.67,21.62,66.2,88,40,4.74,scattered clouds,0.0,0
438,Sorland,NO,67.67,12.69,52.5,68,4,17.38,clear sky,0.0,0
439,Sitka,US,57.05,-135.33,55.4,93,90,4.7,moderate rain,2.03,0
440,Carbonear,CA,47.73,-53.21,44.01,100,97,9.33,overcast clouds,0.0,0
441,Khowai,IN,24.1,91.63,89.6,70,40,3.36,scattered clouds,0.0,0
442,Quemado De Guines,CU,22.79,-80.25,75.2,94,40,2.24,scattered clouds,0.0,0
443,Wanning,CN,18.8,110.4,88.03,70,60,13.15,broken clouds,0.0,0
444,Sembe,CG,1.65,14.58,68.94,93,24,1.7,few clouds,0.0,0
445,General Pico,AR,-35.66,-63.76,48.99,49,0,2.95,clear sky,0.0,0
446,Tarauaca,BR,-8.16,-70.77,73.15,88,1,2.77,clear sky,0.0,0
447,Tanete,ID,-3.94,119.78,77.85,89,100,10.78,moderate rain,1.19,0
448,Punta Alta,AR,-38.88,-62.07,51.21,52,4,12.08,clear sky,0.0,0
449,Vysokopillya,UA,47.49,33.53,64.4,88,98,6.71,overcast clouds,0.0,0
450,Mangrol,IN,21.12,70.12,86.81,74,31,17.29,scattered clouds,0.0,0
451,Makokou,GA,0.57,12.86,68.67,96,67,2.64,broken clouds,0.0,0
452,Kingaroy,AU,-26.53,151.83,64.4,63,90,9.17,overcast clouds,0.0,0
453,Margate,GB,51.38,1.39,57.99,85,100,1.99,overcast clouds,0.0,0
454,Henties Bay,NA,-22.12,14.28,66.99,43,0,18.43,clear sky,0.0,0
455,Sao Raimundo Das Mangabeiras,BR,-7.02,-45.48,73.29,66,9,3.04,clear sky,0.0,0
456,Svetlaya,RU,46.54,138.33,52.88,77,95,9.46,overcast clouds,0.0,0
457,Srandakan,ID,-7.94,110.25,84.36,71,69,14.2,broken clouds,0.0,0
458,Nesoddtangen,NO,59.87,10.66,66.0,73,39,1.01,scattered clouds,0.0,0
459,Marfino,RU,55.7,37.38,72.0,82,0,6.71,clear sky,0.0,0
460,Jurado,CO,7.11,-77.76,78.39,88,100,3.42,moderate rain,2.54,0
461,Senador Guiomard,BR,-10.15,-67.74,73.4,100,57,4.7,broken clouds,0.0,0
462,Turka,UA,49.15,23.03,61.0,98,90,1.14,overcast clouds,0.0,0
463,Mittersill,AT,47.27,12.48,48.99,97,100,2.06,light rain,0.87,0
464,Glushkovo,RU,51.34,34.63,66.69,92,88,9.33,overcast clouds,0.0,0
465,Shingu,JP,33.73,135.98,77.0,65,75,10.29,broken clouds,0.0,0
466,Ise,JP,34.48,136.7,78.01,65,100,5.99,overcast clouds,0.0,0
467,Nicholasville,US,37.88,-84.57,70.0,88,1,5.82,clear sky,0.0,0
468,Lata,PT,40.16,-8.33,60.01,83,0,2.93,clear sky,0.0,0
469,Dzheyrakh,RU,42.82,44.68,68.0,82,92,6.71,overcast clouds,0.0,0
470,Yatou,CN,37.15,122.38,81.32,53,67,12.91,broken clouds,0.0,0
471,Haines Junction,CA,60.75,-137.51,63.91,37,100,4.47,overcast clouds,0.0,0
472,Bathsheba,BB,13.22,-59.52,78.8,88,75,16.11,light rain,0.0,0
473,Ust-Maya,RU,60.42,134.53,78.53,30,36,6.82,scattered clouds,0.0,0
474,Havelock,US,34.88,-76.9,77.0,83,90,6.04,light rain,0.51,0
475,Koryukivka,UA,51.77,32.25,67.53,90,43,9.62,scattered clouds,0.0,0
476,Atasu,KZ,48.68,71.64,57.81,44,15,9.86,few clouds,0.0,0
477,Caraballeda,VE,10.61,-66.85,72.0,84,98,9.26,overcast clouds,0.0,0
478,Malbork,PL,54.04,19.03,63.0,100,90,8.05,mist,0.0,0
479,Bandar,ID,2.05,99.75,88.23,59,100,1.79,light rain,0.28,0
480,Lufkin,US,31.34,-94.73,80.6,69,1,4.7,clear sky,0.0,0
481,Lipin Bor,RU,60.26,37.98,49.69,67,1,11.14,clear sky,0.0,0
482,Buala,SB,-8.14,159.59,83.71,75,98,5.37,moderate rain,1.29,0
483,Antsohihy,MG,-14.88,47.99,70.27,84,100,11.79,overcast clouds,0.0,0
484,Charters Towers,AU,-20.1,146.27,72.77,59,81,9.35,broken clouds,0.0,0
485,Filadelfia,US,39.95,-75.16,75.2,69,75,7.52,broken clouds,0.0,0
486,Usinsk,RU,65.99,57.53,41.5,84,95,19.46,overcast clouds,0.0,0
487,Port-Cartier,CA,50.03,-66.87,53.01,87,75,9.17,broken clouds,0.0,0
488,Nybro,SE,56.74,15.91,60.01,93,6,4.7,clear sky,0.0,0
489,Simpang,ID,-1.27,104.08,87.06,64,94,5.14,overcast clouds,0.0,0
490,Urrao,CO,6.32,-76.13,55.99,98,100,1.28,light rain,0.31,0
491,Superior,US,46.72,-92.1,64.4,59,1,4.7,clear sky,0.0,0
492,Namatanai,PG,-3.67,152.43,84.65,69,30,2.95,light rain,0.14,0
493,Kryve Ozero,UA,47.95,30.35,65.71,90,48,10.16,scattered clouds,0.0,0
494,Mashhad,IR,36.3,59.61,82.4,15,0,4.7,clear sky,0.0,0
495,Innisfail,AU,-17.53,146.03,66.99,85,95,3.0,light rain,0.13,0
496,College,US,64.86,-147.8,60.8,77,75,4.7,broken clouds,0.0,0
497,Baneh,IR,36.0,45.89,68.2,31,0,4.63,clear sky,0.0,0
498,Key Largo,US,25.09,-80.45,82.0,77,87,8.99,light rain,0.21,0
499,Port Hardy,CA,50.7,-127.42,60.8,93,90,2.24,light rain,0.0,0
500,Berezovyy,RU,51.67,135.7,58.57,66,98,5.06,overcast clouds,0.0,0
501,Chipinge,ZW,-20.19,32.62,47.93,100,38,0.63,scattered clouds,0.0,0
502,Nuuk,GL,64.18,-51.72,33.8,89,55,1.7,broken clouds,0.0,0
503,Manutuke,NZ,-38.68,177.92,55.99,79,100,1.99,light rain,0.5,0
504,Palafrugell,ES,41.92,3.16,63.0,87,57,3.27,broken clouds,0.0,0
505,Tandil,AR,-37.32,-59.13,50.0,65,3,1.99,clear sky,0.0,0
506,Letlhakane,BW,-21.42,25.58,45.16,88,0,6.24,clear sky,0.0,0
507,Guozhen,CN,34.37,107.36,81.7,48,98,5.73,overcast clouds,0.0,0
508,Esso,RU,55.93,158.7,63.37,55,96,6.93,light rain,0.46,0
509,Tricase,IT,39.93,18.36,68.0,93,75,2.24,broken clouds,0.0,0
510,Oranjemund,NA,-28.55,16.43,58.64,60,0,2.71,clear sky,0.0,0
511,Bahia Honda,CU,22.9,-83.16,79.75,86,96,5.77,overcast clouds,0.0,0
512,Lexington Park,US,38.27,-76.45,71.6,83,75,8.14,light rain,0.25,0
513,San Felipe,VE,10.34,-68.74,72.27,92,99,1.34,overcast clouds,0.0,0
514,Mutoko,ZW,-17.4,32.23,50.77,88,87,3.51,overcast clouds,0.0,0
515,Parczew,PL,51.64,22.9,62.6,100,90,4.7,fog,0.0,0
516,Inuvik,CA,68.35,-133.72,48.2,93,90,6.93,overcast clouds,0.0,0
517,Senno,RU,59.53,33.92,55.78,72,0,8.01,clear sky,0.0,0
518,Bengkulu,ID,-3.8,102.27,84.09,63,24,3.96,few clouds,0.0,0
519,Domoni,KM,-12.26,44.53,73.78,81,100,17.81,light rain,0.25,0
520,Manaskent,RU,42.73,47.68,78.8,34,3,8.95,clear sky,0.0,0
521,Timberlake,US,37.32,-79.26,66.99,93,1,1.03,mist,0.0,0
522,Muros,ES,42.78,-9.06,59.0,92,64,1.01,broken clouds,0.0,0
523,Karatau,KZ,43.17,70.47,73.96,36,0,8.12,clear sky,0.0,0
524,Marawi,PH,8.0,124.29,84.0,79,16,5.99,moderate rain,2.13,0
525,Itaituba,BR,-4.28,-55.98,72.07,74,0,1.25,clear sky,0.0,0
526,Erzin,TR,36.96,36.2,70.0,89,4,1.39,clear sky,0.0,0
527,Xingyi,CN,24.19,102.82,75.13,70,66,8.28,broken clouds,0.0,0
528,Warrington,GB,53.39,-2.58,53.6,93,14,8.05,few clouds,0.0,0
529,Kenai,US,60.55,-151.26,55.4,66,1,9.17,clear sky,0.0,0
530,Bud,US,39.45,-86.18,75.0,81,15,3.13,few clouds,0.0,0
531,Vikramasingapuram,IN,8.71,77.39,87.8,70,40,6.93,haze,0.0,0
532,Bara,NG,10.37,10.73,72.75,90,86,10.2,overcast clouds,0.0,0
533,Uva,RU,56.99,52.19,63.0,65,23,3.0,few clouds,0.0,0
534,Kotelnikovo,RU,47.63,43.15,76.64,40,100,11.83,overcast clouds,0.0,0
535,Te Anau,NZ,-45.42,167.72,45.45,79,5,0.94,clear sky,0.0,0
536,Seoul,KR,37.57,126.98,84.2,51,40,6.93,scattered clouds,0.0,0
537,Tieling,CN,42.29,123.84,92.93,28,0,21.74,clear sky,0.0,0
538,Mo I Rana,NO,66.31,14.14,53.01,68,98,1.01,overcast clouds,0.0,0
539,Lazo,RU,43.38,133.9,65.55,61,89,6.35,overcast clouds,0.0,0
540,Gallup,US,35.53,-108.74,69.01,13,1,7.23,clear sky,0.0,0
541,Saint-Augustin,CA,51.23,-58.65,44.62,92,100,8.1,overcast clouds,0.0,0
542,Gijon,ES,43.54,-5.66,59.0,82,40,5.82,scattered clouds,0.0,0
543,Peterhead,GB,57.51,-1.8,54.0,100,90,2.24,fog,0.0,0
544,Poum,NC,-20.23,164.02,73.06,78,33,14.16,light rain,0.23,0
545,Zunyi,CN,27.69,106.91,78.58,76,90,13.31,light rain,0.16,0
546,The Valley,AI,18.22,-63.06,82.99,74,40,9.17,scattered clouds,0.0,0
547,Vodnyy,RU,63.5,53.41,43.57,63,100,12.33,overcast clouds,0.0,0
548,Kansanshi,ZM,-12.1,26.43,43.88,97,24,4.32,few clouds,0.0,0
549,Pocone,BR,-16.26,-56.62,72.36,62,54,5.68,broken clouds,0.0,0
550,Fairbanks,US,64.84,-147.72,60.8,72,90,4.7,overcast clouds,0.0,0
551,Vanavara,RU,60.34,102.28,75.76,32,4,6.42,clear sky,0.0,0
552,Redwater,US,33.36,-94.25,79.0,69,1,6.93,clear sky,0.0,0
553,Yulara,AU,-25.24,130.99,64.4,27,0,8.05,clear sky,0.0,0
554,Ahuimanu,US,21.44,-157.84,82.4,61,75,13.87,broken clouds,0.0,0
555,Bereda,ES,43.27,-7.54,57.0,1,28,1.01,scattered clouds,0.0,0
556,Lannion,FR,48.75,-3.42,55.4,93,23,5.82,few clouds,0.0,0
557,Ngunguru,NZ,-35.62,174.5,57.0,94,80,3.0,light rain,0.63,0
558,Oranjestad,AW,12.52,-70.03,82.4,83,40,25.28,scattered clouds,0.0,0
559,Uige,AO,-7.61,15.06,59.92,52,0,1.61,clear sky,0.0,0
560,Merauke,ID,-8.47,140.33,81.93,75,38,19.95,light rain,0.19,0
561,Igarka,RU,67.47,86.58,59.52,70,88,7.43,light rain,0.16,0
562,Rio Gallegos,AR,-51.62,-69.22,33.8,80,48,6.93,scattered clouds,0.0,0
563,Barabinsk,RU,55.36,78.36,45.12,88,94,8.19,light rain,0.19,0
564,Rahimatpur,IN,17.6,74.2,78.55,71,95,9.04,overcast clouds,0.0,0
565,Celano,IT,42.09,13.54,60.01,93,1,1.32,clear sky,0.0,0
566,Barra Do Garcas,BR,-15.89,-52.26,66.25,73,74,1.12,broken clouds,0.0,0
567,Vestmannaeyjar,IS,63.44,-20.27,50.45,92,100,24.92,moderate rain,1.28,0
568,Mount Isa,AU,-20.73,139.5,80.6,28,0,10.29,clear sky,0.0,0
569,Kathu,TH,7.92,98.33,86.0,74,40,6.93,scattered clouds,0.0,0
570,Trincomalee,LK,8.57,81.23,88.18,63,92,12.33,overcast clouds,0.0,0
571,Harper,LR,4.38,-7.72,77.72,74,100,3.65,overcast clouds,0.0,0
572,Sinnamary,GF,5.38,-52.95,78.08,87,13,7.45,light rain,0.39,0
573,Photharam,TH,13.69,99.85,96.01,50,97,4.63,overcast clouds,0.0,0
574,Setermoen,NO,68.86,18.35,48.2,70,53,13.87,broken clouds,0.0,0
575,Vallenar,CL,-28.57,-70.76,60.49,39,0,1.63,clear sky,0.0,0
576,Fortuna,US,40.6,-124.16,55.99,100,90,5.82,overcast clouds,0.0,0
577,Naze,JP,28.37,129.48,77.0,94,75,4.7,light intensity shower rain,0.0,0
578,Ekibastuz,KZ,51.67,75.37,54.88,46,24,13.0,light rain,0.11,0
579,Krasnovishersk,RU,60.41,57.08,51.37,89,100,12.48,overcast clouds,0.0,0
580,Sola,VU,-13.88,167.55,86.0,70,75,10.29,broken clouds,0.0,0
581,Santo Tomas,PH,14.11,121.14,91.0,74,75,6.93,broken clouds,0.0,0
582,Gravdal,NO,68.12,13.5,52.95,61,40,9.33,scattered clouds,0.0,0
583,Scarborough,GB,54.28,-0.4,57.0,88,3,4.0,clear sky,0.0,0
584,Batticaloa,LK,7.71,81.69,87.06,57,79,5.46,broken clouds,0.0,0
585,Manta,EC,-0.95,-80.73,73.33,82,40,6.58,scattered clouds,0.0,0
586,Kemijarvi,FI,66.71,27.43,49.95,59,5,4.12,clear sky,0.0,0
587,Hambantota,LK,6.12,81.12,87.8,70,20,14.99,few clouds,0.0,0
588,Kosice,SK,48.67,21.33,62.6,93,75,3.36,broken clouds,0.0,0
589,Kumertau,RU,52.77,55.78,61.81,60,0,7.67,clear sky,0.0,0
590,Raudeberg,NO,61.99,5.14,60.8,93,27,6.93,scattered clouds,0.0,0
591,Bandarbeyla,SO,9.49,50.81,84.85,55,100,27.74,overcast clouds,0.0,0
592,Forbes,AU,-33.38,148.02,64.0,66,80,3.0,light rain,0.33,0
593,Koumac,NC,-20.57,164.28,73.33,75,42,18.66,light rain,0.11,0
594,Arlit,NE,18.74,7.39,89.31,16,0,5.88,clear sky,0.0,0
595,Kieta,PG,-6.22,155.63,83.48,74,16,3.33,light rain,0.57,0
596,Zarubino,RU,42.63,131.09,60.19,87,76,9.93,broken clouds,0.0,0
597,Etchoropo,MX,26.77,-109.67,86.0,60,51,3.0,broken clouds,0.0,0
598,Ondangwa,NA,-17.92,15.95,50.0,66,51,4.7,broken clouds,0.0,0
599,Okha,RU,53.57,142.95,46.63,86,98,8.03,overcast clouds,0.0,0
600,Lasa,IT,46.62,10.7,39.2,100,75,1.12,broken clouds,0.0,0
601,Severnoye,RU,56.35,78.36,48.81,82,98,5.48,light rain,0.55,0
602,Herat,AF,34.5,62.0,77.0,20,0,3.36,clear sky,0.0,0
603,Chernukha,RU,55.6,43.76,65.82,81,43,6.82,scattered clouds,0.0,0
604,Contamana,PE,-7.33,-75.02,74.91,75,5,1.21,clear sky,0.0,0
605,Aksarka,RU,66.56,67.8,55.85,45,100,15.1,overcast clouds,0.0,0
606,Hit,IQ,33.64,42.83,80.96,39,0,13.96,clear sky,0.0,0
607,Svetlogorsk,BY,52.63,29.73,66.58,90,81,6.58,broken clouds,0.0,0
608,Honiara,SB,-9.43,159.95,87.8,70,40,9.17,shower rain,0.0,0
609,Asfi,MA,32.3,-9.24,65.37,83,0,14.61,clear sky,0.0,0
610,Silver City,US,32.77,-108.28,70.0,14,1,11.41,clear sky,0.0,0
611,Pascagoula,US,30.37,-88.56,73.4,88,1,4.05,clear sky,0.0,0
612,Tottori,JP,35.5,134.23,73.4,73,75,11.41,broken clouds,0.0,0
613,Iacu,BR,-12.77,-40.21,70.03,84,34,1.99,scattered clouds,0.0,0
614,Kamaishi,JP,39.27,141.88,77.0,47,40,10.29,scattered clouds,0.0,0
615,Wau,SS,7.7,28.0,70.54,91,86,4.18,overcast clouds,0.0,0
616,High Prairie,CA,55.43,-116.49,59.65,58,0,4.41,clear sky,0.0,0
617,Longjiang,CN,47.33,123.18,70.12,71,99,6.87,overcast clouds,0.0,0
618,Coihaique,CL,-45.58,-72.07,37.4,86,20,4.7,few clouds,0.0,0
619,Zhezkazgan,KZ,47.8,67.71,60.8,31,0,8.95,clear sky,0.0,0
620,Bambari,CF,5.77,20.68,70.97,92,100,1.63,light rain,0.44,0
621,Eureka,US,40.8,-124.16,55.99,100,99,3.51,overcast clouds,0.0,0
622,Houston,US,29.76,-95.36,81.0,74,40,8.05,scattered clouds,0.0,0
623,Nyurba,RU,63.28,118.33,80.62,34,19,3.42,few clouds,0.0,0
624,Methoni,GR,36.82,21.7,69.01,68,20,11.01,few clouds,0.0,0
625,Tete,MZ,-16.16,33.59,64.0,93,40,3.36,scattered clouds,0.0,0
626,Manggar,ID,-2.88,108.27,82.33,80,95,13.82,overcast clouds,0.0,0
627,Port Jervis,US,41.38,-74.69,66.99,26,99,2.21,overcast clouds,0.0,0
628,Zyryanka,RU,65.75,150.85,91.02,18,0,3.8,clear sky,0.0,0
629,Harwich,GB,51.94,1.28,57.0,88,92,8.39,overcast clouds,0.0,0
630,Sioux Lookout,CA,50.1,-91.92,50.0,93,40,3.62,scattered clouds,0.0,0
631,Waipawa,NZ,-41.41,175.52,57.0,92,100,10.16,light rain,0.22,0
632,Dolinsk,RU,47.35,142.8,51.8,71,75,17.9,broken clouds,0.0,0
633,Albacete,ES,38.83,-2.0,59.0,87,0,4.7,clear sky,0.0,0
634,Minot,US,48.23,-101.3,66.2,45,90,18.34,overcast clouds,0.0,0
635,Guiyang,CN,26.58,106.72,80.6,69,75,15.66,broken clouds,0.0,0
636,Meulaboh,ID,4.14,96.13,86.67,59,90,2.04,overcast clouds,0.0,0
637,Teliu,RO,45.7,25.86,59.0,92,78,2.55,broken clouds,0.0,0
638,Lakatoro,VU,-16.1,167.42,80.6,78,75,4.7,broken clouds,0.0,0
639,Bay Roberts,CA,47.6,-53.26,44.01,1,89,3.0,overcast clouds,0.0,0
640,Grand Gaube,MU,-20.01,57.66,70.0,83,81,5.99,broken clouds,0.0,0
641,Mosquera,CO,4.71,-74.23,55.4,76,20,5.82,few clouds,0.0,0
642,Kysyl-Syr,RU,63.9,122.76,82.15,32,0,7.38,clear sky,0.0,0
643,Xining,CN,36.62,101.77,75.79,31,48,6.4,scattered clouds,0.0,0
644,Novoagansk,RU,61.94,76.66,48.29,54,98,6.71,overcast clouds,0.0,0
645,Candolim,IN,15.52,73.76,78.8,100,75,6.93,shower rain,0.0,0
646,Richards Bay,ZA,-28.78,32.04,59.07,82,0,7.16,clear sky,0.0,0
647,Batagay-Alyta,RU,67.8,130.41,84.4,21,0,9.93,clear sky,0.0,0
648,Verkh-Chebula,RU,56.03,87.62,52.9,57,100,4.52,overcast clouds,0.0,0
649,Lethem,GY,3.38,-59.8,75.43,89,86,7.0,light rain,0.73,0
650,Kyaikkami,MM,16.08,97.57,82.71,80,67,9.57,light rain,0.61,0
651,Nassau,US,40.75,-73.58,70.0,83,1,5.82,clear sky,0.0,0
652,Loreto,MX,22.27,-101.97,69.69,58,57,12.84,broken clouds,0.0,0
653,Rundu,NA,-17.93,19.77,43.74,63,69,4.68,broken clouds,0.0,0
654,Salemi,IT,37.82,12.81,71.6,88,0,17.22,clear sky,0.0,0
655,Tabou,CI,4.42,-7.35,77.41,77,100,4.07,overcast clouds,0.0,0
656,Port Hedland,AU,-20.32,118.57,84.2,21,0,20.8,clear sky,0.0,0
657,Beloha,MG,-25.17,45.05,63.28,82,17,12.15,few clouds,0.0,0
658,Opochka,RU,56.71,28.66,67.35,90,77,4.43,broken clouds,0.0,0
659,Uren,RU,57.46,45.79,64.04,94,83,7.78,broken clouds,0.0,0
660,Idah,NG,7.11,6.73,71.8,95,51,1.48,broken clouds,0.0,0
661,Iskateley,RU,67.68,53.15,40.5,87,100,25.55,light rain,0.49,0
662,Oistins,BB,13.07,-59.53,78.8,88,75,16.11,light rain,0.0,0
663,Kenora,CA,49.82,-94.43,57.2,71,40,6.93,scattered clouds,0.0,0
664,Uvalde,US,29.37,-99.77,80.6,74,72,9.17,broken clouds,0.0,0
665,Skibbereen,IE,51.55,-9.27,46.4,100,40,4.7,scattered clouds,0.0,0
666,Cruz Das Almas,BR,-12.67,-39.1,68.07,99,39,2.28,light rain,0.2,0
667,Sao Jose Da Coroa Grande,BR,-8.9,-35.15,76.51,82,33,11.59,scattered clouds,0.0,0
668,Torrington,US,41.8,-73.12,69.01,89,52,1.01,broken clouds,0.0,0
669,Beinamar,TD,8.67,15.38,72.1,94,100,4.94,overcast clouds,0.0,0
670,Springdale,US,36.19,-94.13,75.2,83,1,5.82,clear sky,0.0,0
671,Luwingu,ZM,-10.26,29.93,47.08,96,51,3.18,broken clouds,0.0,0
672,Itarema,BR,-2.92,-39.92,74.98,91,0,10.0,clear sky,0.0,0
673,Voh,NC,-20.97,164.7,75.58,65,39,15.17,scattered clouds,0.0,0
674,Santo Antonio Do Ica,BR,-3.1,-67.94,72.41,98,81,1.5,broken clouds,0.0,0
675,Maridi,SS,4.92,29.47,65.07,96,17,3.13,few clouds,0.0,0
676,Xuddur,SO,4.12,43.89,70.74,78,63,19.86,broken clouds,0.0,0
677,Palasa,IN,18.77,84.42,92.57,52,100,5.93,overcast clouds,0.0,0
678,Mayo,US,38.89,-76.51,73.4,83,40,5.82,scattered clouds,0.0,0
679,Stettler,CA,52.32,-112.72,57.99,61,97,1.99,overcast clouds,0.0,0
680,Tateyama,JP,34.98,139.87,78.01,69,75,9.17,broken clouds,0.0,0
681,Syracuse,IT,37.09,15.28,69.01,100,5,6.93,clear sky,0.0,0
682,Solnechnyy,RU,50.72,136.63,51.73,82,99,4.99,overcast clouds,0.0,0
683,The Pas,CA,53.83,-101.25,46.4,87,90,5.82,overcast clouds,0.0,0
684,Swift Current,CA,50.28,-107.8,50.0,76,90,8.05,overcast clouds,0.0,0
685,Magadan,RU,59.57,150.8,52.97,78,71,7.7,broken clouds,0.0,0
686,Luanda,AO,-8.84,13.23,73.4,94,75,2.24,broken clouds,0.0,0
687,Flin Flon,CA,54.77,-101.86,41.2,98,100,3.69,overcast clouds,0.0,0
688,Manzanillo,CU,20.34,-77.12,77.99,86,97,3.8,overcast clouds,0.0,0
689,Harer,ET,9.31,42.13,60.31,90,89,6.78,overcast clouds,0.0,0
690,Gazanjyk,TM,39.24,55.52,92.44,10,33,29.91,scattered clouds,0.0,0
691,Manoharpur,IN,27.3,75.95,87.8,58,75,9.17,haze,0.0,0
692,Urumqi,CN,43.8,87.6,80.6,19,1,4.47,clear sky,0.0,0
693,Goure,NE,13.98,10.27,82.0,56,52,7.0,broken clouds,0.0,0
694,Kimbe,PG,-5.55,150.14,86.13,69,64,4.65,light rain,0.74,0
695,Maceio,BR,-9.67,-35.74,75.2,88,40,3.36,scattered clouds,0.0,0
696,Malangali,TZ,-8.57,34.85,57.67,64,15,11.79,few clouds,0.0,0
697,Olinda,BR,-8.01,-34.86,80.6,74,20,12.75,few clouds,0.0,0
698,Mairana,BO,-18.12,-63.93,56.61,100,85,3.58,overcast clouds,0.0,0
699,Pangnirtung,CA,66.15,-65.71,37.42,79,2,1.99,clear sky,0.0,0
700,Victoria Point,AU,-27.58,153.3,66.0,81,70,11.14,broken clouds,0.0,0
701,Kichera,RU,55.94,110.1,70.03,38,3,7.16,clear sky,0.0,0
702,Dubti,ET,11.74,41.09,88.93,30,0,3.96,clear sky,0.0,0
703,Alugan,PH,12.22,125.48,86.11,64,19,6.78,few clouds,0.0,0
704,Gulariya,NP,28.23,81.33,73.99,96,57,6.62,light rain,0.48,0
705,Langue,HN,13.62,-87.65,75.7,73,57,3.42,broken clouds,0.0,0
706,Ocos,GT,14.51,-92.19,78.8,100,75,4.94,broken clouds,0.0,0
707,Manosque,FR,43.83,5.79,51.01,90,21,4.43,few clouds,0.0,0
708,Black Diamond,US,47.31,-122.0,73.0,68,100,1.61,overcast clouds,0.0,0
709,Jijiga,ET,9.35,42.8,63.52,83,80,14.0,broken clouds,0.0,0
710,Popova,RU,42.96,131.72,64.4,72,75,11.18,broken clouds,0.0,0
711,Mumbwa,ZM,-14.98,27.06,46.72,90,22,3.74,few clouds,0.0,0
712,Hay River,CA,60.82,-115.8,77.0,36,20,10.29,few clouds,0.0,0
713,Lazaro Cardenas,MX,17.96,-102.2,79.03,71,2,2.84,clear sky,0.0,0
714,Piacabucu,BR,-10.41,-36.43,76.19,85,40,9.8,scattered clouds,0.0,0
715,Mananara,MG,-16.17,49.77,70.02,92,100,11.83,moderate rain,1.1,0
716,Marsa Matruh,EG,31.35,27.25,68.0,82,0,5.82,clear sky,0.0,0
717,Clifton,US,40.86,-74.16,75.2,78,20,5.82,few clouds,0.0,0
718,Mbengwi,CM,6.02,10.0,63.39,92,100,1.21,overcast clouds,0.0,0
719,Matara,LK,5.95,80.54,85.3,72,100,12.5,overcast clouds,0.0,0
720,Ketchikan,US,55.34,-131.65,55.4,100,90,34.45,light rain,0.0,0
721,Mount Gambier,AU,-37.83,140.77,50.0,87,90,11.41,overcast clouds,0.0,0
722,Dingle,PH,11.0,122.67,89.33,59,6,7.29,clear sky,0.0,0
723,Cotoca,BO,-17.82,-63.05,75.2,83,40,13.87,scattered clouds,0.0,0
724,Surt,LY,31.21,16.59,86.59,23,0,22.7,clear sky,0.0,0
725,Campbellsville,US,37.34,-85.34,69.8,83,1,0.96,clear sky,0.0,0
726,Darnah,LY,32.77,22.64,76.89,38,0,3.27,clear sky,0.0,0
727,Kupang,ID,-10.17,123.58,85.77,60,3,17.31,clear sky,0.0,0
728,Tilichiki,RU,60.47,166.1,58.17,71,5,8.97,clear sky,0.0,0
729,Moerai,PF,-22.43,-151.33,71.38,77,81,17.63,broken clouds,0.0,0
730,Marsabit,KE,2.33,37.99,60.89,86,50,9.08,scattered clouds,0.0,0
731,Chau Doc,VN,10.7,105.12,89.2,63,100,2.84,moderate rain,3.21,0
732,Boyabat,TR,41.47,34.77,63.18,75,91,3.91,overcast clouds,0.0,0
733,Santiago Del Estero,AR,-27.8,-64.26,64.71,70,0,9.15,clear sky,0.0,0
734,Gizo,SB,-8.1,156.84,83.82,71,53,1.7,light rain,0.53,0
735,Saint-Joseph,RE,-21.37,55.62,69.8,64,46,10.29,scattered clouds,0.0,0
736,Rudbar,AF,30.15,62.6,90.82,11,0,12.12,clear sky,0.0,0
737,Colares,PT,38.8,-9.45,63.0,91,0,15.01,clear sky,0.0,0
738,Chistoye,RU,56.54,43.0,66.2,82,40,8.95,scattered clouds,0.0,0
739,Black River,JM,18.03,-77.85,84.0,74,20,6.93,few clouds,0.0,0
740,Mizdah,LY,31.45,12.98,84.25,14,0,12.48,clear sky,0.0,0
741,Goundi,TD,9.36,17.37,73.17,90,81,6.15,broken clouds,0.0,0
742,Pori,FI,61.48,21.78,66.2,72,0,4.7,clear sky,0.0,0
743,Ilo,PE,-17.64,-71.34,61.77,77,85,3.78,overcast clouds,0.0,0
744,Varangaon,IN,21.02,75.9,87.49,60,87,13.67,overcast clouds,0.0,0
745,Guhagar,IN,17.48,73.19,84.34,76,100,6.08,overcast clouds,0.0,0
746,Alice Springs,AU,-23.7,133.88,64.4,31,0,8.05,clear sky,0.0,0
747,Luton,GB,51.88,-0.42,54.0,100,90,9.17,overcast clouds,0.0,0
748,Portoferraio,IT,42.81,10.31,68.0,98,0,3.0,clear sky,0.0,0
749,Pyay,MM,18.82,95.22,80.96,83,99,10.11,overcast clouds,0.0,0
750,Sovetskiy,RU,61.36,63.58,50.99,84,100,9.91,light rain,0.31,0
751,Hirara,JP,24.8,125.28,89.6,79,75,20.8,broken clouds,0.0,0
752,Kozan,TR,37.46,35.82,70.0,94,40,4.7,scattered clouds,0.0,0
753,Bure,ET,10.7,37.07,58.17,88,92,1.9,overcast clouds,0.0,0
754,Tigzirt,DZ,36.89,4.12,66.49,73,0,3.33,clear sky,0.0,0
755,Zaozerne,UA,45.16,33.28,70.7,72,90,5.61,overcast clouds,0.0,0
756,Biltine,TD,14.53,20.92,78.71,68,25,7.45,scattered clouds,0.0,0
757,Mayumba,GA,-3.43,10.66,71.64,92,4,2.71,clear sky,0.0,0
758,Akim Swedru,GH,5.89,-1.02,72.48,97,94,2.08,overcast clouds,0.0,0
759,Pacifica,US,37.61,-122.49,60.01,77,40,14.99,scattered clouds,0.0,0
760,Pemberton,CA,50.32,-122.8,68.76,55,100,5.48,light rain,0.14,0
761,Grayvoron,RU,50.48,35.68,66.2,82,75,8.95,broken clouds,0.0,0
762,Celestun,MX,20.87,-90.4,81.97,80,65,11.61,broken clouds,0.0,0
763,San Miguel,SV,13.48,-88.18,74.82,78,35,2.59,scattered clouds,0.0,0
764,Dali,CN,25.7,100.18,73.99,60,50,5.73,scattered clouds,0.0,0
765,Vendome,FR,47.8,1.07,53.6,100,85,4.97,fog,0.0,0
766,Kropotkin,RU,45.44,40.58,66.0,80,100,1.7,overcast clouds,0.0,0
767,Klenovyy,UA,48.12,39.46,68.85,60,59,11.07,broken clouds,0.0,0
768,Mankono,CI,8.06,-6.19,71.38,96,89,4.34,overcast clouds,0.0,0
769,Fort-Shevchenko,KZ,44.51,50.26,88.23,25,74,16.46,broken clouds,0.0,0
770,Rosario,AR,-32.95,-60.64,53.6,93,90,2.24,overcast clouds,0.0,0
771,Djambala,CG,-2.54,14.75,66.36,90,8,2.35,clear sky,0.0,0
772,Keizer,US,44.99,-123.03,72.0,40,1,9.17,clear sky,0.0,0
773,Kayes,ML,14.0,-11.0,89.6,62,98,6.93,light rain,0.31,0
774,Odweyne,SO,9.41,45.06,72.84,63,100,21.43,overcast clouds,0.0,0
775,Huilong,CN,31.81,121.66,74.07,74,86,10.22,overcast clouds,0.0,0
776,Wenling,CN,28.37,121.36,73.99,93,100,5.97,light rain,0.41,0
777,Kjollefjord,NO,70.95,27.35,43.54,80,94,14.14,overcast clouds,0.0,0
778,Acarau,BR,-2.89,-40.12,75.63,89,0,10.8,clear sky,0.0,0
779,Mlonggo,ID,-6.53,110.7,89.6,52,20,9.17,few clouds,0.0,0
780,Vuktyl,RU,63.86,57.31,43.81,72,80,14.25,broken clouds,0.0,0
781,Da Nang,VN,16.07,108.22,93.2,63,20,6.93,few clouds,0.0,0
782,Aberystwyth,GB,52.42,-4.08,52.0,97,48,7.61,scattered clouds,0.0,0
783,Farafangana,MG,-22.82,47.83,68.54,83,84,9.57,light rain,0.28,0
784,Tovuz,AZ,40.99,45.63,77.0,44,40,9.17,scattered clouds,0.0,0
785,Pochutla,MX,15.74,-96.47,81.0,85,100,3.8,overcast clouds,0.0,0
786,La Brea,HN,15.8,-85.97,78.1,83,5,5.73,clear sky,0.0,0
787,Verkhoyansk,RU,67.54,133.38,89.64,20,23,5.08,few clouds,0.0,0
788,Lumphat,KH,13.49,106.98,89.83,64,72,3.15,broken clouds,0.0,0
789,Petropavl,KZ,54.88,69.16,53.6,50,100,11.18,overcast clouds,0.0,0
790,Kapoeta,SS,4.77,33.59,71.53,87,53,3.51,light rain,0.55,0
791,Quang Ngai,VN,15.12,108.8,93.99,51,2,8.81,clear sky,0.0,0
792,Ponorogo,ID,-7.87,111.46,86.18,63,22,7.38,few clouds,0.0,0
793,Leninskoye,RU,47.94,132.62,67.71,60,94,8.32,overcast clouds,0.0,0
794,Talaya,RU,61.38,152.75,70.88,30,100,10.92,overcast clouds,0.0,0
795,Tromso,NO,69.65,18.96,44.6,75,39,6.93,scattered clouds,0.0,0
796,Pringsewu,ID,-5.36,104.97,87.46,56,78,3.62,broken clouds,0.0,0
797,Rio Grande,BR,-32.03,-52.1,60.01,96,99,3.87,light rain,0.34,0
798,Tual,ID,-5.67,132.75,80.49,79,69,20.4,broken clouds,0.0,0
799,Oksfjord,NO,70.24,22.35,46.4,70,25,1.12,scattered clouds,0.0,0
800,Staraya Kulatka,RU,52.72,47.62,64.42,75,0,2.95,clear sky,0.0,0
801,Mildura,AU,-34.2,142.15,62.01,51,40,9.17,scattered clouds,0.0,0
802,Payakumbuh,ID,-0.22,100.63,87.82,52,67,1.34,broken clouds,0.0,0
803,Nanakuli,US,21.39,-158.15,82.4,57,90,13.87,overcast clouds,0.0,0
804,Prachuap Khiri Khan,TH,11.82,99.78,87.42,69,100,4.07,moderate rain,1.91,0
805,Helena,US,46.59,-112.04,66.2,45,75,8.05,broken clouds,0.0,0
806,Zalantun,CN,48.0,122.72,60.55,92,100,6.11,overcast clouds,0.0,0
807,Carutapera,BR,-1.2,-46.02,74.07,93,29,4.79,light rain,0.65,0
808,Alta Floresta,BR,-9.88,-56.09,68.22,75,65,2.44,broken clouds,0.0,0
809,Ewa Beach,US,21.32,-158.01,82.4,51,75,20.8,broken clouds,0.0,0
810,Pushkinskiye Gory,RU,57.02,28.91,64.22,92,88,6.73,overcast clouds,0.0,0
811,Plettenberg Bay,ZA,-34.05,23.37,63.82,49,74,9.46,broken clouds,0.0,0
